CREATE ROLE fishmap_webapp LOGIN PASSWORD '<password>' VALID UNTIL 'infinity';

CREATE DATABASE fishmap
WITH ENCODING='UTF8'
     OWNER=postgres
     TEMPLATE=template_postgis
     CONNECTION LIMIT=-1;

\c fishmap

CREATE EXTENSION pg_trgm;

GRANT SELECT ON ALL TABLES IN SCHEMA public TO fishmap_webapp;

ALTER DEFAULT PRIVILEGES IN SCHEMA public
   GRANT SELECT ON TABLES TO fishmap_webapp;


DROP SCHEMA IF EXISTS fishmap CASCADE;

CREATE SCHEMA fishmap
  AUTHORIZATION postgres;

GRANT ALL ON SCHEMA fishmap TO postgres;
GRANT ALL ON SCHEMA fishmap TO fishmap_webapp;

ALTER DEFAULT PRIVILEGES IN SCHEMA fishmap
    GRANT SELECT ON TABLES
    TO fishmap_webapp;

 
CREATE TABLE IF NOT EXISTS fishmap.intensity_lvls (fishingtype int PRIMARY KEY, rangeboundaries decimal[]);
INSERT INTO fishmap.intensity_lvls VALUES 
	(1, '{0.8, 3.0}'),
	(2, '{0.8, 3.0}'),
	(3, '{0.04, 3.0}'),
	(5, '{0.93, 6.95}'),
	(8, '{33.9, 254.6}'),
	(9, '{2.0, 5.0}'),
	(10, '{6.0, 20.0}'),
	(11, '{3.0, 10.0}'),
	(12, '{3.0, 10.0}'),
	(15, '{2.0, 10.0}')
;

CREATE TABLE fishmap.activities (
    id integer NOT NULL,
    fishingtype integer NOT NULL,
    geartype text,
    activity text,
    speciescommon text,
    fishmap_name text NOT NULL
);


ALTER TABLE fishmap.activities OWNER TO fishmap_webapp;

CREATE SEQUENCE fishmap.activities_id_seq
    START WITH 987
    INCREMENT BY 1
    MINVALUE 987
    NO MAXVALUE
    CACHE 1;


ALTER TABLE fishmap.activities_id_seq OWNER TO fishmap_webapp;

ALTER SEQUENCE fishmap.activities_id_seq OWNED BY fishmap.activities.id;

ALTER TABLE ONLY fishmap.activities ALTER COLUMN id SET DEFAULT nextval('fishmap.activities_id_seq'::regclass);

INSERT INTO fishmap.activities  
VALUES 
	(987, 1, NULL, NULL, 'king scallops', 'king_scallops'),
	(988, 1, NULL, NULL, 'queen scallop', 'queen_scallops'),
	(989, 3, NULL, NULL, NULL, 'mussels'),
	(990, 5, 'Light Otter Trawl', NULL, NULL, 'lot'),
	(991, 8, NULL, NULL, NULL, 'nets'),
	(992, 9, 'Parlour Pots', NULL, NULL, 'combined_pots'),
	(999, 9, 'Parlour Pots', NULL, NULL, 'recreational_pots'),
	(1000, 9, 'Parlour Pots', NULL, NULL, 'commercial_pots'),
	(993, 10, 'Natural bait fishing', NULL, NULL, 'rsa_shore'),
	(994, 10, 'Natural bait fishing', 'Charter Boat Fishing (Owner)', NULL, 'rsa_charterboats'),
	(995, 10, NULL, NULL, NULL, 'rsa_noncharter'),
	(996, 10, NULL, NULL, NULL, 'rsa_combined'),
	(997, 11, NULL, NULL, NULL, 'cas_hand_gath'),
	(998, 12, NULL, NULL, NULL, 'pro_hand_gath');

ALTER TABLE ONLY fishmap.activities
    ADD CONSTRAINT activities_pkey PRIMARY KEY (id);

CREATE TABLE fishmap.sensitivity_matrix
(
  id serial NOT NULL,
  habitat_id integer,
  activity_id integer,
  intensity_lvl integer,
  sensitivity_lvl integer,
  CONSTRAINT sensitivity_matrix_pkey PRIMARY KEY (id ),
  CONSTRAINT sensitivity_matrix_activity_id_fkey FOREIGN KEY (activity_id)
      REFERENCES fishmap.activities (id) MATCH SIMPLE
      ON UPDATE RESTRICT ON DELETE RESTRICT,
  CONSTRAINT sensitivity_matrix_habitat_id_activity_id_intensity_lvl_key UNIQUE (habitat_id , activity_id , intensity_lvl ),
  CONSTRAINT sensitivity_matrix_habitat_id_check CHECK (habitat_id >= 1 AND habitat_id <= 31),
  CONSTRAINT sensitivity_matrix_intensity_lvl_check CHECK (intensity_lvl >= 1 AND intensity_lvl <= 3),
  CONSTRAINT sensitivity_matrix_sensitivity_lvl_check CHECK (sensitivity_lvl >= 1 AND sensitivity_lvl <= 3)
)
WITH (
  OIDS=FALSE
);
ALTER TABLE fishmap.sensitivity_matrix
  OWNER TO fishmap_webapp;

INSERT INTO fishmap.sensitivity_matrix VALUES 
	(1, 5, 987, 3, 3), 
	(2, 5, 987, 2, 3), 
	(3, 5, 987, 1, 3), 
	(4, 6, 987, 3, 3), 
	(5, 6, 987, 2, 3), 
	(6, 6, 987, 1, 3), 
	(7, 10, 987, 3, 3), 
	(8, 10, 987, 2, 2), 
	(9, 10, 987, 1, 2), 
	(10, 11, 987, 3, 3), 
	(11, 11, 987, 2, 3), 
	(12, 11, 987, 1, 3), 
	(13, 12, 987, 3, 3), 
	(14, 12, 987, 2, 2), 
	(15, 12, 987, 1, 2), 
	(16, 16, 987, 3, 3), 
	(17, 16, 987, 2, 3), 
	(18, 16, 987, 1, 3), 
	(19, 17, 987, 3, 3), 
	(20, 17, 987, 2, 3), 
	(21, 17, 987, 1, 3), 
	(22, 18, 987, 3, 3), 
	(23, 18, 987, 2, 2), 
	(24, 18, 987, 1, 2), 
	(25, 19, 987, 3, 3), 
	(26, 19, 987, 2, 3), 
	(27, 19, 987, 1, 2), 
	(28, 23, 987, 3, 3), 
	(29, 23, 987, 2, 3), 
	(30, 23, 987, 1, 3), 
	(31, 24, 987, 3, 2), 
	(32, 24, 987, 2, 2), 
	(33, 24, 987, 1, 1), 
	(34, 25, 987, 3, 3), 
	(35, 25, 987, 2, 3), 
	(36, 25, 987, 1, 3), 
	(37, 28, 987, 3, 3), 
	(38, 28, 987, 2, 3), 
	(39, 28, 987, 1, 3), 
	(40, 29, 987, 3, 2), 
	(41, 29, 987, 2, 1), 
	(42, 29, 987, 1, 1), 
	(43, 30, 987, 3, 3), 
	(44, 30, 987, 2, 3), 
	(45, 30, 987, 1, 3), 
	(46, 31, 987, 3, 3), 
	(47, 31, 987, 2, 3), 
	(48, 31, 987, 1, 2), 
	(49, 5, 988, 3, 3), 
	(50, 5, 988, 2, 3), 
	(51, 5, 988, 1, 3), 
	(52, 6, 988, 3, 3), 
	(53, 6, 988, 2, 3), 
	(54, 6, 988, 1, 3), 
	(55, 10, 988, 3, 3), 
	(56, 10, 988, 2, 2), 
	(57, 10, 988, 1, 2), 
	(58, 11, 988, 3, 3), 
	(59, 11, 988, 2, 3), 
	(60, 11, 988, 1, 3), 
	(61, 12, 988, 3, 3), 
	(62, 12, 988, 2, 2), 
	(63, 12, 988, 1, 2), 
	(64, 16, 988, 3, 3), 
	(65, 16, 988, 2, 3), 
	(66, 16, 988, 1, 3), 
	(67, 17, 988, 3, 3), 
	(68, 17, 988, 2, 3), 
	(69, 17, 988, 1, 3), 
	(70, 18, 988, 3, 3), 
	(71, 18, 988, 2, 2), 
	(72, 18, 988, 1, 2), 
	(73, 19, 988, 3, 3), 
	(74, 19, 988, 2, 3), 
	(75, 19, 988, 1, 2), 
	(76, 23, 988, 3, 3), 
	(77, 23, 988, 2, 3), 
	(78, 23, 988, 1, 3), 
	(79, 24, 988, 3, 2), 
	(80, 24, 988, 2, 2), 
	(81, 24, 988, 1, 1), 
	(82, 25, 988, 3, 3), 
	(83, 25, 988, 2, 3), 
	(84, 25, 988, 1, 3), 
	(85, 28, 988, 3, 3), 
	(86, 28, 988, 2, 3), 
	(87, 28, 988, 1, 3), 
	(88, 29, 988, 3, 2), 
	(89, 29, 988, 2, 1), 
	(90, 29, 988, 1, 1), 
	(91, 30, 988, 3, 3), 
	(92, 30, 988, 2, 3), 
	(93, 30, 988, 1, 3), 
	(94, 31, 988, 3, 3), 
	(95, 31, 988, 2, 3), 
	(96, 31, 988, 1, 2), 
	(97, 5, 989, 3, 3), 
	(98, 5, 989, 2, 3), 
	(99, 5, 989, 1, 2), 
	(100, 6, 989, 3, 3), 
	(101, 6, 989, 2, 3), 
	(102, 6, 989, 1, 3), 
	(103, 10, 989, 3, 2), 
	(104, 10, 989, 2, 2), 
	(105, 10, 989, 1, 2), 
	(106, 11, 989, 3, 3), 
	(107, 11, 989, 2, 3), 
	(108, 11, 989, 1, 3), 
	(109, 12, 989, 3, 2), 
	(110, 12, 989, 2, 2), 
	(111, 12, 989, 1, 2), 
	(112, 15, 989, 3, 3), 
	(113, 15, 989, 2, 3), 
	(114, 15, 989, 1, 3), 
	(115, 16, 989, 3, 3), 
	(116, 16, 989, 2, 2), 
	(117, 16, 989, 1, 1), 
	(118, 17, 989, 3, 3), 
	(119, 17, 989, 2, 3), 
	(120, 17, 989, 1, 3), 
	(121, 18, 989, 3, 2), 
	(122, 18, 989, 2, 2), 
	(123, 18, 989, 1, 2), 
	(124, 19, 989, 3, 2), 
	(125, 19, 989, 2, 2), 
	(126, 19, 989, 1, 2), 
	(127, 20, 989, 3, 3), 
	(128, 20, 989, 2, 3), 
	(129, 20, 989, 1, 2), 
	(130, 21, 989, 3, 3), 
	(131, 21, 989, 2, 3), 
	(132, 21, 989, 1, 3), 
	(133, 23, 989, 3, 3), 
	(134, 23, 989, 2, 3), 
	(135, 23, 989, 1, 3), 
	(136, 24, 989, 3, 1), 
	(137, 24, 989, 2, 1), 
	(138, 24, 989, 1, 1), 
	(139, 25, 989, 3, 3), 
	(140, 25, 989, 2, 3), 
	(141, 25, 989, 1, 3), 
	(142, 27, 989, 3, 3), 
	(143, 27, 989, 2, 3), 
	(144, 27, 989, 1, 3), 
	(145, 28, 989, 3, 3), 
	(146, 28, 989, 2, 3), 
	(147, 28, 989, 1, 3), 
	(148, 29, 989, 3, 1), 
	(149, 29, 989, 2, 1), 
	(150, 29, 989, 1, 1), 
	(151, 30, 989, 3, 3), 
	(152, 30, 989, 2, 3), 
	(153, 30, 989, 1, 3), 
	(154, 31, 989, 3, 3), 
	(155, 31, 989, 2, 2), 
	(156, 31, 989, 1, 1), 
	(157, 6, 990, 3, 2), 
	(158, 6, 990, 2, 2), 
	(159, 6, 990, 1, 2), 
	(160, 10, 990, 3, 2), 
	(161, 10, 990, 2, 2), 
	(162, 10, 990, 1, 2), 
	(163, 11, 990, 3, 2), 
	(164, 11, 990, 2, 2), 
	(165, 11, 990, 1, 2), 
	(166, 12, 990, 3, 1), 
	(167, 12, 990, 2, 1), 
	(168, 12, 990, 1, 1), 
	(169, 16, 990, 3, 2), 
	(170, 16, 990, 2, 2), 
	(171, 16, 990, 1, 2), 
	(172, 17, 990, 3, 3), 
	(173, 17, 990, 2, 3), 
	(174, 17, 990, 1, 3), 
	(175, 18, 990, 3, 2), 
	(176, 18, 990, 2, 2), 
	(177, 18, 990, 1, 2), 
	(178, 19, 990, 3, 2), 
	(179, 19, 990, 2, 1), 
	(180, 19, 990, 1, 1), 
	(181, 23, 990, 3, 3), 
	(182, 23, 990, 2, 2), 
	(183, 23, 990, 1, 2), 
	(184, 24, 990, 3, 2), 
	(185, 24, 990, 2, 1), 
	(186, 24, 990, 1, 1), 
	(187, 25, 990, 3, 3), 
	(188, 25, 990, 2, 3), 
	(189, 25, 990, 1, 3), 
	(190, 28, 990, 3, 3), 
	(191, 28, 990, 2, 2), 
	(192, 28, 990, 1, 2), 
	(193, 29, 990, 3, 1), 
	(194, 29, 990, 2, 1), 
	(195, 29, 990, 1, 1), 
	(196, 30, 990, 3, 3), 
	(197, 30, 990, 2, 3), 
	(198, 30, 990, 1, 3), 
	(199, 31, 990, 3, 2), 
	(200, 31, 990, 2, 1), 
	(201, 31, 990, 1, 1), 
	(202, 5, 991, 3, 1), 
	(203, 5, 991, 2, 1), 
	(204, 5, 991, 1, 1), 
	(205, 6, 991, 3, 2), 
	(206, 6, 991, 2, 1), 
	(207, 6, 991, 1, 1), 
	(208, 9, 991, 3, 1), 
	(209, 9, 991, 2, 1), 
	(210, 9, 991, 1, 1), 
	(211, 10, 991, 3, 1), 
	(212, 10, 991, 2, 1), 
	(213, 10, 991, 1, 1), 
	(214, 11, 991, 3, 1), 
	(215, 11, 991, 2, 1), 
	(216, 11, 991, 1, 1), 
	(217, 12, 991, 3, 1), 
	(218, 12, 991, 2, 1), 
	(219, 12, 991, 1, 1), 
	(220, 13, 991, 3, 1), 
	(221, 13, 991, 2, 1), 
	(222, 13, 991, 1, 1), 
	(223, 14, 991, 3, 3), 
	(224, 14, 991, 2, 2), 
	(225, 14, 991, 1, 2), 
	(226, 15, 991, 3, 3), 
	(227, 15, 991, 2, 3), 
	(228, 15, 991, 1, 3), 
	(229, 16, 991, 3, 1), 
	(230, 16, 991, 2, 1), 
	(231, 16, 991, 1, 1), 
	(232, 17, 991, 3, 2), 
	(233, 17, 991, 2, 2), 
	(234, 17, 991, 1, 1), 
	(235, 18, 991, 3, 1), 
	(236, 18, 991, 2, 1), 
	(237, 18, 991, 1, 1), 
	(238, 19, 991, 3, 1), 
	(239, 19, 991, 2, 1), 
	(240, 19, 991, 1, 1), 
	(241, 20, 991, 3, 2), 
	(242, 20, 991, 2, 2), 
	(243, 20, 991, 1, 1), 
	(244, 21, 991, 3, 3), 
	(245, 21, 991, 2, 3), 
	(246, 21, 991, 1, 3), 
	(247, 22, 991, 3, 2), 
	(248, 22, 991, 2, 1), 
	(249, 22, 991, 1, 1), 
	(250, 23, 991, 3, 2), 
	(251, 23, 991, 2, 1), 
	(252, 23, 991, 1, 1), 
	(253, 24, 991, 3, 1), 
	(254, 24, 991, 2, 1), 
	(255, 24, 991, 1, 1), 
	(256, 25, 991, 3, 1), 
	(257, 25, 991, 2, 1), 
	(258, 25, 991, 1, 1), 
	(259, 26, 991, 3, 1), 
	(260, 26, 991, 2, 1), 
	(261, 26, 991, 1, 1), 
	(262, 27, 991, 3, 1), 
	(263, 27, 991, 2, 1), 
	(264, 27, 991, 1, 1), 
	(265, 28, 991, 3, 1), 
	(266, 28, 991, 2, 1), 
	(267, 28, 991, 1, 1), 
	(268, 29, 991, 3, 1), 
	(269, 29, 991, 2, 1), 
	(270, 29, 991, 1, 1), 
	(271, 30, 991, 3, 3), 
	(272, 30, 991, 2, 3), 
	(273, 30, 991, 1, 2), 
	(274, 31, 991, 3, 1), 
	(275, 31, 991, 2, 1), 
	(276, 31, 991, 1, 1), 
	(277, 6, 992, 3, 2), 
	(278, 6, 992, 2, 2), 
	(279, 6, 992, 1, 2), 
	(280, 9, 992, 3, 1), 
	(281, 9, 992, 2, 1), 
	(282, 9, 992, 1, 1), 
	(283, 14, 992, 3, 3), 
	(284, 14, 992, 2, 3), 
	(285, 14, 992, 1, 2), 
	(286, 15, 992, 3, 2), 
	(287, 15, 992, 2, 2), 
	(288, 15, 992, 1, 1), 
	(289, 16, 992, 3, 1), 
	(290, 16, 992, 2, 1), 
	(291, 16, 992, 1, 1), 
	(292, 17, 992, 3, 3), 
	(293, 17, 992, 2, 2), 
	(294, 17, 992, 1, 1), 
	(295, 18, 992, 3, 1), 
	(296, 18, 992, 2, 1), 
	(297, 18, 992, 1, 1), 
	(298, 19, 992, 3, 1), 
	(299, 19, 992, 2, 1), 
	(300, 19, 992, 1, 1), 
	(301, 20, 992, 3, 2), 
	(302, 20, 992, 2, 1), 
	(303, 20, 992, 1, 1), 
	(304, 21, 992, 3, 2), 
	(305, 21, 992, 2, 2), 
	(306, 21, 992, 1, 1), 
	(307, 22, 992, 3, 2), 
	(308, 22, 992, 2, 1), 
	(309, 22, 992, 1, 1), 
	(310, 23, 992, 3, 1), 
	(311, 23, 992, 2, 1), 
	(312, 23, 992, 1, 1), 
	(313, 24, 992, 3, 1), 
	(314, 24, 992, 2, 1), 
	(315, 24, 992, 1, 1), 
	(316, 25, 992, 3, 2), 
	(317, 25, 992, 2, 1), 
	(318, 25, 992, 1, 1), 
	(319, 26, 992, 3, 2), 
	(320, 26, 992, 2, 1), 
	(321, 26, 992, 1, 1), 
	(322, 27, 992, 3, 2), 
	(323, 27, 992, 2, 1), 
	(324, 27, 992, 1, 1), 
	(325, 28, 992, 3, 2), 
	(326, 28, 992, 2, 1), 
	(327, 28, 992, 1, 1), 
	(328, 29, 992, 3, 1), 
	(329, 29, 992, 2, 1), 
	(330, 29, 992, 1, 1), 
	(331, 30, 992, 3, 3), 
	(332, 30, 992, 2, 2), 
	(333, 30, 992, 1, 2), 
	(334, 31, 992, 3, 1), 
	(335, 31, 992, 2, 1), 
	(336, 31, 992, 1, 1), 
	(337, 4, 993, 3, 2), 
	(338, 4, 993, 2, 1), 
	(339, 4, 993, 1, 1), 
	(340, 5, 993, 3, 2), 
	(341, 5, 993, 2, 1), 
	(342, 5, 993, 1, 1), 
	(343, 6, 993, 3, 1), 
	(344, 6, 993, 2, 1), 
	(345, 6, 993, 1, 1), 
	(346, 7, 993, 3, 1), 
	(347, 7, 993, 2, 1), 
	(348, 7, 993, 1, 1), 
	(349, 8, 993, 3, 1), 
	(350, 8, 993, 2, 1), 
	(351, 8, 993, 1, 1), 
	(352, 9, 993, 3, 1), 
	(353, 9, 993, 2, 1), 
	(354, 9, 993, 1, 1), 
	(355, 10, 993, 3, 1), 
	(356, 10, 993, 2, 1), 
	(357, 10, 993, 1, 1), 
	(358, 11, 993, 3, 1), 
	(359, 11, 993, 2, 1), 
	(360, 11, 993, 1, 1), 
	(361, 12, 993, 3, 1), 
	(362, 12, 993, 2, 1), 
	(363, 12, 993, 1, 1), 
	(364, 14, 993, 3, 3), 
	(365, 14, 993, 2, 2), 
	(366, 14, 993, 1, 1), 
	(367, 15, 993, 3, 3), 
	(368, 15, 993, 2, 2), 
	(369, 15, 993, 1, 1), 
	(370, 16, 993, 3, 1), 
	(371, 16, 993, 2, 1), 
	(372, 16, 993, 1, 1), 
	(373, 17, 993, 3, 2), 
	(374, 17, 993, 2, 1), 
	(375, 17, 993, 1, 1), 
	(376, 18, 993, 3, 1), 
	(377, 18, 993, 2, 1), 
	(378, 18, 993, 1, 1), 
	(379, 19, 993, 3, 1), 
	(380, 19, 993, 2, 1), 
	(381, 19, 993, 1, 1), 
	(382, 20, 993, 3, 2), 
	(383, 20, 993, 2, 1), 
	(384, 20, 993, 1, 1), 
	(385, 21, 993, 3, 3), 
	(386, 21, 993, 2, 2), 
	(387, 21, 993, 1, 1), 
	(388, 22, 993, 3, 3), 
	(389, 22, 993, 2, 2), 
	(390, 22, 993, 1, 1), 
	(391, 23, 993, 3, 2), 
	(392, 23, 993, 2, 1), 
	(393, 23, 993, 1, 1), 
	(394, 24, 993, 3, 1), 
	(395, 24, 993, 2, 1), 
	(396, 24, 993, 1, 1), 
	(397, 25, 993, 3, 1), 
	(398, 25, 993, 2, 1), 
	(399, 25, 993, 1, 1), 
	(400, 26, 993, 3, 2), 
	(401, 26, 993, 2, 1), 
	(402, 26, 993, 1, 1), 
	(403, 27, 993, 3, 2), 
	(404, 27, 993, 2, 1), 
	(405, 27, 993, 1, 1), 
	(406, 28, 993, 3, 1), 
	(407, 28, 993, 2, 1), 
	(408, 28, 993, 1, 1), 
	(409, 29, 993, 3, 1), 
	(410, 29, 993, 2, 1), 
	(411, 29, 993, 1, 1), 
	(412, 30, 993, 3, 2), 
	(413, 30, 993, 2, 1), 
	(414, 30, 993, 1, 2), 
	(415, 31, 993, 3, 1), 
	(416, 31, 993, 2, 1), 
	(417, 31, 993, 1, 1), 
	(418, 4, 994, 3, 2), 
	(419, 4, 994, 2, 1), 
	(420, 4, 994, 1, 1), 
	(421, 5, 994, 3, 2), 
	(422, 5, 994, 2, 1), 
	(423, 5, 994, 1, 1), 
	(424, 6, 994, 3, 1), 
	(425, 6, 994, 2, 1), 
	(426, 6, 994, 1, 1), 
	(427, 7, 994, 3, 1), 
	(428, 7, 994, 2, 1), 
	(429, 7, 994, 1, 1), 
	(430, 8, 994, 3, 1), 
	(431, 8, 994, 2, 1), 
	(432, 8, 994, 1, 1), 
	(433, 9, 994, 3, 1), 
	(434, 9, 994, 2, 1), 
	(435, 9, 994, 1, 1), 
	(436, 10, 994, 3, 1), 
	(437, 10, 994, 2, 1), 
	(438, 10, 994, 1, 1), 
	(439, 11, 994, 3, 1), 
	(440, 11, 994, 2, 1), 
	(441, 11, 994, 1, 1), 
	(442, 12, 994, 3, 1), 
	(443, 12, 994, 2, 1), 
	(444, 12, 994, 1, 1), 
	(445, 14, 994, 3, 3), 
	(446, 14, 994, 2, 2), 
	(447, 14, 994, 1, 1), 
	(448, 15, 994, 3, 3), 
	(449, 15, 994, 2, 2), 
	(450, 15, 994, 1, 1), 
	(451, 16, 994, 3, 1), 
	(452, 16, 994, 2, 1), 
	(453, 16, 994, 1, 1), 
	(454, 17, 994, 3, 2), 
	(455, 17, 994, 2, 1), 
	(456, 17, 994, 1, 1), 
	(457, 18, 994, 3, 1), 
	(458, 18, 994, 2, 1), 
	(459, 18, 994, 1, 1), 
	(460, 19, 994, 3, 1), 
	(461, 19, 994, 2, 1), 
	(462, 19, 994, 1, 1), 
	(463, 20, 994, 3, 2), 
	(464, 20, 994, 2, 1), 
	(465, 20, 994, 1, 1), 
	(466, 21, 994, 3, 3), 
	(467, 21, 994, 2, 2), 
	(468, 21, 994, 1, 1), 
	(469, 22, 994, 3, 3), 
	(470, 22, 994, 2, 2), 
	(471, 22, 994, 1, 1), 
	(472, 23, 994, 3, 2), 
	(473, 23, 994, 2, 1), 
	(474, 23, 994, 1, 1), 
	(475, 24, 994, 3, 1), 
	(476, 24, 994, 2, 1), 
	(477, 24, 994, 1, 1), 
	(478, 25, 994, 3, 1), 
	(479, 25, 994, 2, 1), 
	(480, 25, 994, 1, 1), 
	(481, 26, 994, 3, 2), 
	(482, 26, 994, 2, 1), 
	(483, 26, 994, 1, 1), 
	(484, 27, 994, 3, 2), 
	(485, 27, 994, 2, 1), 
	(486, 27, 994, 1, 1), 
	(487, 28, 994, 3, 1), 
	(488, 28, 994, 2, 1), 
	(489, 28, 994, 1, 1), 
	(490, 29, 994, 3, 1), 
	(491, 29, 994, 2, 1), 
	(492, 29, 994, 1, 1), 
	(493, 30, 994, 3, 2), 
	(494, 30, 994, 2, 1), 
	(495, 30, 994, 1, 2), 
	(496, 31, 994, 3, 1), 
	(497, 31, 994, 2, 1), 
	(498, 31, 994, 1, 1), 
	(499, 4, 995, 3, 2), 
	(500, 4, 995, 2, 1), 
	(501, 4, 995, 1, 1), 
	(502, 5, 995, 3, 2), 
	(503, 5, 995, 2, 1), 
	(504, 5, 995, 1, 1), 
	(505, 6, 995, 3, 1), 
	(506, 6, 995, 2, 1), 
	(507, 6, 995, 1, 1), 
	(508, 7, 995, 3, 1), 
	(509, 7, 995, 2, 1), 
	(510, 7, 995, 1, 1), 
	(511, 8, 995, 3, 1), 
	(512, 8, 995, 2, 1), 
	(513, 8, 995, 1, 1), 
	(514, 9, 995, 3, 1), 
	(515, 9, 995, 2, 1), 
	(516, 9, 995, 1, 1), 
	(517, 10, 995, 3, 1), 
	(518, 10, 995, 2, 1), 
	(519, 10, 995, 1, 1), 
	(520, 11, 995, 3, 1), 
	(521, 11, 995, 2, 1), 
	(522, 11, 995, 1, 1), 
	(523, 12, 995, 3, 1), 
	(524, 12, 995, 2, 1), 
	(525, 12, 995, 1, 1), 
	(526, 14, 995, 3, 3), 
	(527, 14, 995, 2, 2), 
	(528, 14, 995, 1, 1), 
	(529, 15, 995, 3, 3), 
	(530, 15, 995, 2, 2), 
	(531, 15, 995, 1, 1), 
	(532, 16, 995, 3, 1), 
	(533, 16, 995, 2, 1), 
	(534, 16, 995, 1, 1), 
	(535, 17, 995, 3, 2), 
	(536, 17, 995, 2, 1), 
	(537, 17, 995, 1, 1), 
	(538, 18, 995, 3, 1), 
	(539, 18, 995, 2, 1), 
	(540, 18, 995, 1, 1), 
	(541, 19, 995, 3, 1), 
	(542, 19, 995, 2, 1), 
	(543, 19, 995, 1, 1), 
	(544, 20, 995, 3, 2), 
	(545, 20, 995, 2, 1), 
	(546, 20, 995, 1, 1), 
	(547, 21, 995, 3, 3), 
	(548, 21, 995, 2, 2), 
	(549, 21, 995, 1, 1), 
	(550, 22, 995, 3, 3), 
	(551, 22, 995, 2, 2), 
	(552, 22, 995, 1, 1), 
	(553, 23, 995, 3, 2), 
	(554, 23, 995, 2, 1), 
	(555, 23, 995, 1, 1), 
	(556, 24, 995, 3, 1), 
	(557, 24, 995, 2, 1), 
	(558, 24, 995, 1, 1), 
	(559, 25, 995, 3, 1), 
	(560, 25, 995, 2, 1), 
	(561, 25, 995, 1, 1), 
	(562, 26, 995, 3, 2), 
	(563, 26, 995, 2, 1), 
	(564, 26, 995, 1, 1), 
	(565, 27, 995, 3, 2), 
	(566, 27, 995, 2, 1), 
	(567, 27, 995, 1, 1), 
	(568, 28, 995, 3, 1), 
	(569, 28, 995, 2, 1), 
	(570, 28, 995, 1, 1), 
	(571, 29, 995, 3, 1), 
	(572, 29, 995, 2, 1), 
	(573, 29, 995, 1, 1), 
	(574, 30, 995, 3, 2), 
	(575, 30, 995, 2, 1), 
	(576, 30, 995, 1, 2), 
	(577, 31, 995, 3, 1), 
	(578, 31, 995, 2, 1), 
	(579, 31, 995, 1, 1), 
	(580, 4, 996, 3, 2), 
	(581, 4, 996, 2, 1), 
	(582, 4, 996, 1, 1), 
	(583, 5, 996, 3, 2), 
	(584, 5, 996, 2, 1), 
	(585, 5, 996, 1, 1), 
	(586, 6, 996, 3, 1), 
	(587, 6, 996, 2, 1), 
	(588, 6, 996, 1, 1), 
	(589, 7, 996, 3, 1), 
	(590, 7, 996, 2, 1), 
	(591, 7, 996, 1, 1), 
	(592, 8, 996, 3, 1), 
	(593, 8, 996, 2, 1), 
	(594, 8, 996, 1, 1), 
	(595, 9, 996, 3, 1), 
	(596, 9, 996, 2, 1), 
	(597, 9, 996, 1, 1), 
	(598, 10, 996, 3, 1), 
	(599, 10, 996, 2, 1), 
	(600, 10, 996, 1, 1), 
	(601, 11, 996, 3, 1), 
	(602, 11, 996, 2, 1), 
	(603, 11, 996, 1, 1), 
	(604, 12, 996, 3, 1), 
	(605, 12, 996, 2, 1), 
	(606, 12, 996, 1, 1), 
	(607, 14, 996, 3, 3), 
	(608, 14, 996, 2, 2), 
	(609, 14, 996, 1, 1), 
	(610, 15, 996, 3, 3), 
	(611, 15, 996, 2, 2), 
	(612, 15, 996, 1, 1), 
	(613, 16, 996, 3, 1), 
	(614, 16, 996, 2, 1), 
	(615, 16, 996, 1, 1), 
	(616, 17, 996, 3, 2), 
	(617, 17, 996, 2, 1), 
	(618, 17, 996, 1, 1), 
	(619, 18, 996, 3, 1), 
	(620, 18, 996, 2, 1), 
	(621, 18, 996, 1, 1), 
	(622, 19, 996, 3, 1), 
	(623, 19, 996, 2, 1), 
	(624, 19, 996, 1, 1), 
	(625, 20, 996, 3, 2), 
	(626, 20, 996, 2, 1), 
	(627, 20, 996, 1, 1), 
	(628, 21, 996, 3, 3), 
	(629, 21, 996, 2, 2), 
	(630, 21, 996, 1, 1), 
	(631, 22, 996, 3, 3), 
	(632, 22, 996, 2, 2), 
	(633, 22, 996, 1, 1), 
	(634, 23, 996, 3, 2), 
	(635, 23, 996, 2, 1), 
	(636, 23, 996, 1, 1), 
	(637, 24, 996, 3, 1), 
	(638, 24, 996, 2, 1), 
	(639, 24, 996, 1, 1), 
	(640, 25, 996, 3, 1), 
	(641, 25, 996, 2, 1), 
	(642, 25, 996, 1, 1), 
	(643, 26, 996, 3, 2), 
	(644, 26, 996, 2, 1), 
	(645, 26, 996, 1, 1), 
	(646, 27, 996, 3, 2), 
	(647, 27, 996, 2, 1), 
	(648, 27, 996, 1, 1), 
	(649, 28, 996, 3, 1), 
	(650, 28, 996, 2, 1), 
	(651, 28, 996, 1, 1), 
	(652, 29, 996, 3, 1), 
	(653, 29, 996, 2, 1), 
	(654, 29, 996, 1, 1), 
	(655, 30, 996, 3, 2), 
	(656, 30, 996, 2, 1), 
	(657, 30, 996, 1, 2), 
	(658, 31, 996, 3, 1), 
	(659, 31, 996, 2, 1), 
	(660, 31, 996, 1, 1), 
	(661, 2, 997, 3, 2), 
	(662, 2, 997, 2, 2), 
	(663, 2, 997, 1, 1), 
	(664, 3, 997, 3, 2), 
	(665, 3, 997, 2, 2), 
	(666, 3, 997, 1, 1), 
	(667, 4, 997, 3, 2), 
	(668, 4, 997, 2, 2), 
	(669, 4, 997, 1, 1), 
	(670, 5, 997, 3, 2), 
	(671, 5, 997, 2, 2), 
	(672, 5, 997, 1, 1), 
	(673, 6, 997, 3, 3), 
	(674, 6, 997, 2, 3), 
	(675, 6, 997, 1, 2), 
	(676, 7, 997, 3, 2), 
	(677, 7, 997, 2, 2), 
	(678, 7, 997, 1, 2), 
	(679, 8, 997, 3, 2), 
	(680, 8, 997, 2, 2), 
	(681, 8, 997, 1, 1), 
	(682, 9, 997, 3, 3), 
	(683, 9, 997, 2, 2), 
	(684, 9, 997, 1, 1), 
	(685, 10, 997, 3, 2), 
	(686, 10, 997, 2, 1), 
	(687, 10, 997, 1, 1), 
	(688, 11, 997, 3, 3), 
	(689, 11, 997, 2, 2), 
	(690, 11, 997, 1, 1), 
	(691, 12, 997, 3, 3), 
	(692, 12, 997, 2, 2), 
	(693, 12, 997, 1, 1), 
	(694, 13, 997, 3, 1), 
	(695, 13, 997, 2, 1), 
	(696, 13, 997, 1, 1), 
	(697, 26, 997, 3, 2), 
	(698, 26, 997, 2, 1), 
	(699, 26, 997, 1, 1), 
	(700, 27, 997, 3, 2), 
	(701, 27, 997, 2, 1), 
	(702, 27, 997, 1, 1), 
	(703, 28, 997, 3, 3), 
	(704, 28, 997, 2, 2), 
	(705, 28, 997, 1, 1), 
	(706, 29, 997, 3, 1), 
	(707, 29, 997, 2, 1), 
	(708, 29, 997, 1, 1), 
	(709, 30, 997, 3, 2), 
	(710, 30, 997, 2, 1), 
	(711, 30, 997, 1, 1), 
	(712, 2, 998, 3, 3), 
	(713, 2, 998, 2, 2), 
	(714, 2, 998, 1, 1), 
	(715, 3, 998, 3, 3), 
	(716, 3, 998, 2, 2), 
	(717, 3, 998, 1, 1), 
	(718, 4, 998, 3, 3), 
	(719, 4, 998, 2, 2), 
	(720, 4, 998, 1, 1), 
	(721, 5, 998, 3, 3), 
	(722, 5, 998, 2, 2), 
	(723, 5, 998, 1, 1), 
	(724, 6, 998, 3, 3), 
	(725, 6, 998, 2, 3), 
	(726, 6, 998, 1, 2), 
	(727, 7, 998, 3, 2), 
	(728, 7, 998, 2, 2), 
	(729, 7, 998, 1, 2), 
	(730, 8, 998, 3, 2), 
	(731, 8, 998, 2, 2), 
	(732, 8, 998, 1, 1), 
	(733, 9, 998, 3, 3), 
	(734, 9, 998, 2, 3), 
	(735, 9, 998, 1, 2), 
	(736, 10, 998, 3, 3), 
	(737, 10, 998, 2, 2), 
	(738, 10, 998, 1, 1), 
	(739, 11, 998, 3, 3), 
	(740, 11, 998, 2, 3), 
	(741, 11, 998, 1, 2), 
	(742, 12, 998, 3, 3), 
	(743, 12, 998, 2, 3), 
	(744, 12, 998, 1, 2), 
	(745, 13, 998, 3, 3), 
	(746, 13, 998, 2, 3), 
	(747, 13, 998, 1, 2), 
	(748, 26, 998, 3, 3), 
	(749, 26, 998, 2, 2), 
	(750, 26, 998, 1, 1), 
	(751, 27, 998, 3, 3), 
	(752, 27, 998, 2, 2), 
	(753, 27, 998, 1, 1), 
	(754, 28, 998, 3, 3), 
	(755, 28, 998, 2, 3), 
	(756, 28, 998, 1, 1), 
	(757, 29, 998, 3, 1), 
	(758, 29, 998, 2, 1), 
	(759, 29, 998, 1, 1), 
	(760, 30, 998, 3, 3), 
	(761, 30, 998, 2, 3), 
	(762, 30, 998, 1, 3),
    (764, 6, 999, 3, 2),
    (765, 6, 999, 2, 2),
    (766, 6, 999, 1, 2),
    (767, 9, 999, 3, 1),
    (768, 9, 999, 2, 1),
    (769, 9, 999, 1, 1),
    (770, 14, 999, 3, 3),
    (771, 14, 999, 2, 3),
    (772, 14, 999, 1, 2),
    (773, 15, 999, 3, 2),
    (774, 15, 999, 2, 2),
    (775, 15, 999, 1, 1),
    (776, 16, 999, 3, 1),
    (777, 16, 999, 2, 1),
    (778, 16, 999, 1, 1),
    (779, 17, 999, 3, 3),
    (780, 17, 999, 2, 2),
    (781, 17, 999, 1, 1),
    (782, 18, 999, 3, 1),
    (783, 18, 999, 2, 1),
    (784, 18, 999, 1, 1),
    (785, 19, 999, 3, 1),
    (786, 19, 999, 2, 1),
    (787, 19, 999, 1, 1),
    (788, 20, 999, 3, 2),
    (789, 20, 999, 2, 1),
    (790, 20, 999, 1, 1),
    (791, 21, 999, 3, 2),
    (792, 21, 999, 2, 2),
    (793, 21, 999, 1, 1),
    (794, 22, 999, 3, 2),
    (795, 22, 999, 2, 1),
    (796, 22, 999, 1, 1),
    (797, 23, 999, 3, 1),
    (798, 23, 999, 2, 1),
    (799, 23, 999, 1, 1),
    (800, 24, 999, 3, 1),
    (801, 24, 999, 2, 1),
    (802, 24, 999, 1, 1),
    (803, 25, 999, 3, 2),
    (804, 25, 999, 2, 1),
    (805, 25, 999, 1, 1),
    (806, 26, 999, 3, 2),
    (807, 26, 999, 2, 1),
    (808, 26, 999, 1, 1),
    (809, 27, 999, 3, 2),
    (810, 27, 999, 2, 1),
    (811, 27, 999, 1, 1),
    (812, 28, 999, 3, 2),
    (813, 28, 999, 2, 1),
    (814, 28, 999, 1, 1),
    (815, 29, 999, 3, 1),
    (816, 29, 999, 2, 1),
    (817, 29, 999, 1, 1),
    (818, 30, 999, 3, 3),
    (819, 30, 999, 2, 2),
    (820, 30, 999, 1, 2),
    (821, 31, 999, 3, 1),
    (822, 31, 999, 2, 1),
    (823, 31, 999, 1, 1),
    (824, 6, 1000, 3, 2),
    (825, 6, 1000, 2, 2),
    (826, 6, 1000, 1, 2),
    (827, 9, 1000, 3, 1),
    (828, 9, 1000, 2, 1),
    (829, 9, 1000, 1, 1),
    (830, 14, 1000, 3, 3),
    (831, 14, 1000, 2, 3),
    (832, 14, 1000, 1, 2),
    (833, 15, 1000, 3, 2),
    (834, 15, 1000, 2, 2),
    (835, 15, 1000, 1, 1),
    (836, 16, 1000, 3, 1),
    (837, 16, 1000, 2, 1),
    (838, 16, 1000, 1, 1),
    (839, 17, 1000, 3, 3),
    (840, 17, 1000, 2, 2),
    (841, 17, 1000, 1, 1),
    (842, 18, 1000, 3, 1),
    (843, 18, 1000, 2, 1),
    (844, 18, 1000, 1, 1),
    (845, 19, 1000, 3, 1),
    (846, 19, 1000, 2, 1),
    (847, 19, 1000, 1, 1),
    (848, 20, 1000, 3, 2),
    (849, 20, 1000, 2, 1),
    (850, 20, 1000, 1, 1),
    (851, 21, 1000, 3, 2),
    (852, 21, 1000, 2, 2),
    (853, 21, 1000, 1, 1),
    (854, 22, 1000, 3, 2),
    (855, 22, 1000, 2, 1),
    (856, 22, 1000, 1, 1),
    (857, 23, 1000, 3, 1),
    (858, 23, 1000, 2, 1),
    (859, 23, 1000, 1, 1),
    (860, 24, 1000, 3, 1),
    (861, 24, 1000, 2, 1),
    (862, 24, 1000, 1, 1),
    (863, 25, 1000, 3, 2),
    (864, 25, 1000, 2, 1),
    (865, 25, 1000, 1, 1),
    (866, 26, 1000, 3, 2),
    (867, 26, 1000, 2, 1),
    (868, 26, 1000, 1, 1),
    (869, 27, 1000, 3, 2),
    (870, 27, 1000, 2, 1),
    (871, 27, 1000, 1, 1),
    (872, 28, 1000, 3, 2),
    (873, 28, 1000, 2, 1),
    (874, 28, 1000, 1, 1),
    (875, 29, 1000, 3, 1),
    (876, 29, 1000, 2, 1),
    (877, 29, 1000, 1, 1),
    (878, 30, 1000, 3, 3),
    (879, 30, 1000, 2, 2),
    (880, 30, 1000, 1, 2),
    (881, 31, 1000, 3, 1),
    (882, 31, 1000, 2, 1),
    (883, 31, 1000, 1, 1);




GRANT SELECT ON ALL TABLES IN SCHEMA fishmap TO fishmap_webapp;

CREATE DATABASE fishmap_auth
WITH ENCODING='UTF8'
     OWNER=postgres
     TEMPLATE=template_postgis
     CONNECTION LIMIT=-1;

\c fishmap_auth

GRANT SELECT ON ALL TABLES IN SCHEMA public TO fishmap_webapp;

ALTER DEFAULT PRIVILEGES IN SCHEMA public
   GRANT SELECT ON TABLES TO fishmap_webapp;
